{"cameraMode":{"drawMode":0,"name":"Shaded","section":"Shading Mode"},"sceneLighting":true,"audioPlay":false,"sceneViewState":{"m_AlwaysRefresh":false,"showFog":true,"showSkybox":true,"showFlares":true,"showImageEffects":true,"showParticleSystems":true,"showVisualEffectGraphs":true,"m_FxEnabled":true},"in2DMode":false,"pivot":{"x":-2.3632240295410158,"y":6.426326751708984,"z":13.301353454589844},"rotation":{"x":-0.043752070516347888,"y":0.9562286734580994,"z":-0.20112508535385133,"w":-0.20801427960395814},"size":55.029537200927737,"orthographic":false}